{
    "$schema": "http://json-schema.org/draft-04/schema#",
    "definitions": {
        "profile": {
            "type": "object",
            "properties": {
                "identity": {
                    "$ref": "#/definitions/identity"
                },
                "address": {
                    "$ref": "#/definitions/address"
                }
                
            }
        },
        "identity": {
            "type": "object",
            "properties": {
                "cusLabmachinelabel": {
                    "type": "string"
                   ,"pattern" : "^(CS)[0-9]{2}-[0-9]{3}$"    
                },
                "firstName": {
                    "type": "string"
                },
                "lastName": {
                    "type": "string"
                },
                "gender": {
                    "type": "string"
                    ,"enum" : ["Male", "Female"]
                },
                "mobilePhone": {
                    "type": "string"
                },
                "email": {
                    "type": "string"
                }
            }
        },
        "address": {
            "type": "object",
            "properties": {
                "street": {
                    "type": "string"
                },
                "postalcode": {
                    "type": "string"
                }
            }
        }
    },
    "type": "object",
    "properties": {
        "profile": {
            "$ref": "#/definitions/profile"
        }
    }
}